Unnamed: 0,inventive_impala,grinning_mink,caped_reindeer,bright_mammoth,orthodox_centipede,naughty_nyala,violet_clam,monumental_caiman,hulking_dormouse,sophisticated_beaver,ambitious_bear,outrageous_mouse,victorious_hippo,wise_mammoth,cryptic_grasshopper,feathered_potoo,orange_chinchilla,arboreal_teal,nickel_kittiwake,ultramarine_toucanet
inventive_impala,1.0,0.251,0.532,0.447,0.65,0.362,0.43,0.492,0.244,0.28400000000000003,0.35000000000000003,0.457,0.319,0.326,0.397,0.332,0.521,0.495,0.247,0.541
grinning_mink,0.251,1.0,0.246,0.442,0.258,0.516,0.535,0.362,0.799,0.683,0.417,0.438,0.47900000000000004,0.64,0.452,0.593,0.468,0.364,0.72,0.455
caped_reindeer,0.532,0.246,1.0,0.247,0.8,0.34,0.468,0.397,0.252,0.262,0.455,0.393,0.361,0.298,0.425,0.352,0.369,0.446,0.215,0.383
bright_mammoth,0.447,0.442,0.247,1.0,0.338,0.536,0.656,0.671,0.431,0.449,0.601,0.603,0.6000000000000001,0.511,0.586,0.58,0.741,0.628,0.418,0.735
orthodox_centipede,0.65,0.258,0.8,0.338,1.0,0.406,0.468,0.397,0.252,0.314,0.442,0.47600000000000003,0.37,0.355,0.506,0.352,0.447,0.541,0.249,0.464
naughty_nyala,0.362,0.516,0.34,0.536,0.406,1.0,0.672,0.455,0.517,0.637,0.612,0.6890000000000001,0.759,0.5730000000000001,0.594,0.733,0.63,0.509,0.515,0.595
violet_clam,0.43,0.535,0.468,0.656,0.468,0.672,1.0,0.67,0.553,0.521,0.6960000000000001,0.63,0.733,0.5720000000000001,0.6910000000000001,0.6920000000000001,0.783,0.617,0.457,0.671
monumental_caiman,0.492,0.362,0.397,0.671,0.397,0.455,0.67,1.0,0.363,0.354,0.593,0.47900000000000004,0.52,0.454,0.5740000000000001,0.45,0.75,0.554,0.356,0.58
hulking_dormouse,0.244,0.799,0.252,0.431,0.252,0.517,0.553,0.363,1.0,0.531,0.427,0.449,0.494,0.614,0.482,0.656,0.498,0.387,0.799,0.47400000000000003
sophisticated_beaver,0.28400000000000003,0.683,0.262,0.449,0.314,0.637,0.521,0.354,0.531,1.0,0.47400000000000003,0.529,0.529,0.647,0.461,0.619,0.452,0.371,0.542,0.428
ambitious_bear,0.35000000000000003,0.417,0.455,0.601,0.442,0.612,0.6960000000000001,0.593,0.427,0.47400000000000003,1.0,0.707,0.595,0.47600000000000003,0.679,0.516,0.607,0.5630000000000001,0.359,0.631
outrageous_mouse,0.457,0.438,0.393,0.603,0.47600000000000003,0.6890000000000001,0.63,0.47900000000000004,0.449,0.529,0.707,1.0,0.648,0.538,0.712,0.584,0.619,0.686,0.45,0.728
victorious_hippo,0.319,0.47900000000000004,0.361,0.6000000000000001,0.37,0.759,0.733,0.52,0.494,0.529,0.595,0.648,1.0,0.516,0.583,0.639,0.641,0.598,0.481,0.607
wise_mammoth,0.326,0.64,0.298,0.511,0.355,0.5730000000000001,0.5720000000000001,0.454,0.614,0.647,0.47600000000000003,0.538,0.516,1.0,0.641,0.661,0.5640000000000001,0.5,0.613,0.581
cryptic_grasshopper,0.397,0.452,0.425,0.586,0.506,0.594,0.6910000000000001,0.5740000000000001,0.482,0.461,0.679,0.712,0.583,0.641,1.0,0.555,0.604,0.667,0.47500000000000003,0.725
feathered_potoo,0.332,0.593,0.352,0.58,0.352,0.733,0.6920000000000001,0.45,0.656,0.619,0.516,0.584,0.639,0.661,0.555,1.0,0.5640000000000001,0.453,0.5710000000000001,0.5710000000000001
orange_chinchilla,0.521,0.468,0.369,0.741,0.447,0.63,0.783,0.75,0.498,0.452,0.607,0.619,0.641,0.5640000000000001,0.604,0.5640000000000001,1.0,0.643,0.443,0.8
arboreal_teal,0.495,0.364,0.446,0.628,0.541,0.509,0.617,0.554,0.387,0.371,0.5630000000000001,0.686,0.598,0.5,0.667,0.453,0.643,1.0,0.41200000000000003,0.747
nickel_kittiwake,0.247,0.72,0.215,0.418,0.249,0.515,0.457,0.356,0.799,0.542,0.359,0.45,0.481,0.613,0.47500000000000003,0.5710000000000001,0.443,0.41200000000000003,1.0,0.458
ultramarine_toucanet,0.541,0.455,0.383,0.735,0.464,0.595,0.671,0.58,0.47400000000000003,0.428,0.631,0.728,0.607,0.581,0.725,0.5710000000000001,0.8,0.747,0.458,1.0
